frame;time;average
1;0.0056731;0.0056731
2;0.0004041;0.0030386
3;0.0003544;0.00214387
4;0.00037;0.0017004
5;0.0004402;0.00144836
6;0.0003634;0.00126753
7;0.0003249;0.00113287
8;0.0003127;0.00103035
9;0.000307;0.000949978
10;0.0003076;0.00088574
11;0.0003082;0.000833236
12;0.0003054;0.00078925
13;0.0003057;0.000752054
14;0.0003127;0.000720671
15;0.0003176;0.0006938
16;0.0003072;0.000669637
17;0.0003095;0.000648453
18;9.29e-05;0.000617589
19;0.0004885;0.000610795
20;0.0003718;0.000598845
21;0.000322;0.000585662
22;0.0003356;0.000574295
23;0.0003061;0.000562635
24;2.06e-05;0.00054005
25;0.0003078;0.00053076
26;2e-05;0.000511115
27;0.0003036;0.00050343
28;0.0003037;0.000496296
29;1.96e-05;0.000479859
30;1.91e-05;0.0004645
31;0.0003064;0.0004594
32;0.0003026;0.0004545
33;0.0001486;0.00044523
34;1.95e-05;0.000432709
35;8e-07;0.000420369
36;1e-07;0.000408694
37;1e-07;0.000397651
38;2e-07;0.000387192
39;3e-07;0.000377272
40;2e-07;0.000367845
41;1e-07;0.000358876
42;0;0.000350331
43;4e-07;0.000342193
44;2e-07;0.00033442
45;1e-07;0.000326991
46;2e-07;0.000319887
47;1e-07;0.000313083
48;1e-07;0.000306562
49;2e-07;0.00030031
50;1e-07;0.000294306
51;1e-07;0.000288537
52;8e-07;0.000283004
53;2e-07;0.000277668
54;2e-07;0.00027253
55;6e-07;0.000267585
56;1e-07;0.000262809
57;1e-07;0.0002582
58;2e-07;0.000253752
59;1e-07;0.000249453
60;2e-07;0.000245298
61;1e-07;0.000241279
62;3e-07;0.000237392
63;1e-07;0.000233625
64;2e-07;0.000229978
65;1e-07;0.000226442
66;5e-07;0.000223018
67;4e-07;0.000219696
68;2e-07;0.000216468
69;1.4e-06;0.000213351
70;3e-07;0.000210307
71;3e-07;0.000207349
72;3e-07;0.000204474
73;3e-07;0.000201677
74;2e-07;0.000198954
75;1e-07;0.000196303
76;1e-07;0.000193721
77;1e-07;0.000191206
78;4e-07;0.00018876
79;0;0.000186371
80;1e-07;0.000184042
81;1e-07;0.000181772
82;2e-07;0.000179557
83;1e-07;0.000177395
84;1e-07;0.000175285
85;2e-07;0.000173225
86;5e-07;0.000171216
87;1e-07;0.000169249
88;1e-07;0.000167327
89;2e-07;0.000165449
90;1e-07;0.000163612
91;1e-07;0.000161815
92;1e-07;0.000160058
93;1e-07;0.000158338
94;0;0.000156653
95;2e-07;0.000155006
96;0;0.000153392
97;0;0.00015181
98;0;0.000150261
99;1e-07;0.000148744
100;2e-07;0.000147259
101;1e-07;0.000145802
102;1e-07;0.000144374
103;7e-07;0.000142979
104;2e-07;0.000141606
105;2e-07;0.000140259
106;2e-07;0.000138938
107;2e-07;0.000137641
108;1e-07;0.000136368
109;1e-07;0.000135117
110;2e-07;0.000133891
111;2e-07;0.000132686
112;3e-07;0.000131504
113;1e-07;0.000130342
114;1e-07;0.000129199
115;3e-07;0.000128078
116;1e-07;0.000126975
117;2e-07;0.000125891
118;3e-07;0.000124827
119;1e-07;0.000123779
120;4e-07;0.000122751
121;2e-07;0.000121738
122;1e-07;0.000120741
123;1e-07;0.00011976
124;1e-07;0.000118795
125;1e-07;0.000117846
126;1e-07;0.000116911
127;0;0.000115991
128;1e-07;0.000115085
129;1e-07;0.000114194
130;1e-07;0.000113316
131;1e-07;0.000112452
132;0;0.0001116
133;1e-07;0.000110762
134;1e-07;0.000109936
135;2e-07;0.000109123
136;1e-07;0.000108321
137;4e-07;0.000107534
138;0;0.000106754
139;1e-07;0.000105987
140;2e-07;0.000105231
141;1e-07;0.000104486
142;1e-07;0.000103751
143;1e-07;0.000103026
144;0;0.00010231
145;1e-07;0.000101606
146;0;0.00010091
147;1e-07;0.000100224
148;1e-07;9.95473e-05
149;1e-07;9.88799e-05
150;1e-07;9.82213e-05
151;1e-07;9.75715e-05
152;1e-07;9.69303e-05
153;1e-07;9.62974e-05
154;5e-07;9.56753e-05
155;1e-07;9.50587e-05
156;1e-07;9.445e-05
157;2e-07;9.38497e-05
158;2e-07;9.3257e-05
159;2e-07;9.26717e-05
160;2e-07;9.20937e-05
161;1e-07;9.15224e-05
162;1e-07;9.0958e-05
163;2e-07;9.04012e-05
164;1e-07;8.98506e-05
165;1e-07;8.93067e-05
166;1e-07;8.87693e-05
167;2e-07;8.82389e-05
168;2e-07;8.77149e-05
169;1e-07;8.71964e-05
170;1e-07;8.66841e-05
171;9.12e-05;8.67105e-05
172;0.0008368;9.10715e-05
173;0.0011451;9.71642e-05
174;0.001195;0.000103474
175;5.37e-05;0.000103189
176;0.0006355;0.000106214
177;2.97e-05;0.000105781
178;0.000655;0.000108867
179;2.08e-05;0.000108375
180;0.0005625;0.000110898
181;0.0007978;0.000114693
182;3.35e-05;0.000114247
183;1.94e-05;0.000113728
184;0.0013851;0.000120638
185;8.2e-05;0.000120429
186;2.88e-05;0.000119937
187;2.54e-05;0.000119431
188;5e-07;0.000118798
189;2e-07;0.000118171
190;2e-07;0.00011755
191;2e-07;0.000116936
192;1e-07;0.000116327
193;1e-07;0.000115725
194;1e-07;0.000115129
195;2e-07;0.000114539
196;2e-07;0.000113956
197;0;0.000113378
198;0;0.000112805
199;1e-07;0.000112239
200;1e-07;0.000111678
201;1e-07;0.000111123
202;1e-07;0.000110573
203;1e-07;0.000110029
204;0;0.00010949
205;7e-07;0.000108959
206;6e-07;0.000108433
207;2e-07;0.00010791
208;2e-07;0.000107392
209;3e-07;0.00010688
210;1e-07;0.000106371
211;3e-07;0.000105869
212;1e-07;0.00010537
213;1e-07;0.000104876
214;2e-07;0.000104386
215;1e-07;0.000103901
216;2e-07;0.000103421
217;1e-07;0.000102945
218;1e-07;0.000102473
219;1e-07;0.000102006
220;2e-07;0.000101543
221;2e-07;0.000101085
222;7e-07;0.000100632
223;1e-07;0.000100182
224;0;9.97344e-05
225;1e-07;9.92916e-05
226;2e-07;9.88531e-05
227;1e-07;9.84181e-05
228;2e-07;9.79873e-05
229;1e-07;9.75598e-05
230;2e-07;9.71365e-05
231;2e-07;9.67169e-05
232;0;9.63e-05
233;1e-07;9.58871e-05
234;1e-07;9.54778e-05
235;1e-07;9.50719e-05
236;3e-07;9.46703e-05
237;1e-07;9.42713e-05
238;1e-07;9.38756e-05
239;7e-07;9.34858e-05
240;1e-07;9.30967e-05
241;1e-07;9.27108e-05
242;1e-07;9.23281e-05
243;1e-07;9.19486e-05
244;0;9.15717e-05
245;1e-07;9.11984e-05
246;1e-07;9.0828e-05
247;3e-07;9.04615e-05
248;0;9.00968e-05
249;1e-07;8.97353e-05
250;0;8.93764e-05
251;1e-07;8.90207e-05
252;1e-07;8.86679e-05
253;1e-07;8.83178e-05
254;0;8.79701e-05
255;1e-07;8.76255e-05
256;5e-07;8.72852e-05
257;2e-07;8.69463e-05
258;1e-07;8.66097e-05
259;2e-07;8.62761e-05
260;1e-07;8.59446e-05
261;2e-07;8.56161e-05
262;1e-07;8.52897e-05
263;1e-07;8.49658e-05
264;2e-07;8.46447e-05
265;2e-07;8.4326e-05
266;1e-07;8.40094e-05
267;1e-07;8.36951e-05
268;1e-07;8.33832e-05
269;1e-07;8.30736e-05
270;0;8.27659e-05
271;1e-07;8.24609e-05
272;2e-07;8.21585e-05
273;6e-07;8.18597e-05
274;1e-07;8.15613e-05
275;2e-07;8.12655e-05
276;2e-07;8.09717e-05
277;1e-07;8.06798e-05
278;1e-07;8.03899e-05
279;2e-07;8.01025e-05
280;1e-07;7.98168e-05
281;5e-07;7.95345e-05
282;1e-07;7.92528e-05
283;0;7.89728e-05
284;0;7.86947e-05
285;1e-07;7.84189e-05
286;0;7.81448e-05
287;1e-07;7.78728e-05
288;0;7.76024e-05
289;1e-07;7.73343e-05
290;4.91e-05;7.72369e-05
291;0.0005475;7.88529e-05
292;0.0004205;8.00229e-05
293;0.0004166;8.11717e-05
294;2.95e-05;8.09959e-05
295;0.0006812;8.30305e-05
296;8.35e-05;8.30321e-05
297;0.000729;8.52071e-05
298;0.0001135;8.5302e-05
299;0.0007111;8.7395e-05
300;0.0004658;8.86563e-05
301;2.26e-05;8.84369e-05
302;1.85e-05;8.82053e-05
303;0.0004001;8.92347e-05
304;2.18e-05;8.90128e-05
305;1.95e-05;8.87849e-05
306;1.88e-05;8.85562e-05
307;1.7e-06;8.82733e-05
308;1e-06;8.79899e-05
309;7e-07;8.77074e-05
310;6e-07;8.74265e-05
311;2e-07;8.7146e-05
312;1e-07;8.6867e-05
313;2e-07;8.65901e-05
314;1e-07;8.63146e-05
315;1e-07;8.6041e-05
316;1e-07;8.5769e-05
317;1e-07;8.54987e-05
318;1e-07;8.52302e-05
319;2e-07;8.49636e-05
320;1e-07;8.46984e-05
321;2e-07;8.44352e-05
322;1e-07;8.41733e-05
323;1e-07;8.3913e-05
324;4e-07;8.36552e-05
325;1e-07;8.33982e-05
326;2e-07;8.31429e-05
327;2e-07;8.28893e-05
328;2e-07;8.26372e-05
329;4e-07;8.23872e-05
330;2e-07;8.21382e-05
331;1e-07;8.18903e-05
332;1e-07;8.1644e-05
333;1e-07;8.13991e-05
334;1e-07;8.11557e-05
335;1e-07;8.09137e-05
336;1e-07;8.06732e-05
337;1e-07;8.04341e-05
338;2e-07;8.01967e-05
339;1e-07;7.99605e-05
340;1e-07;7.97256e-05
341;5e-07;7.94933e-05
342;2e-07;7.92614e-05
343;2e-07;7.90309e-05
344;4e-07;7.88023e-05
345;2e-07;7.85745e-05
346;0;7.83474e-05
347;1e-07;7.81219e-05
348;1e-07;7.78977e-05
349;1e-07;7.76748e-05
350;1e-07;7.74531e-05
351;1e-07;7.72328e-05
352;1e-07;7.70136e-05
353;0;7.67955e-05
354;1e-07;7.65788e-05
355;2e-07;7.63637e-05
356;1e-07;7.61494e-05
357;1e-07;7.59364e-05
358;5e-07;7.57257e-05
359;1e-07;7.5515e-05
360;2e-07;7.53058e-05
361;1e-07;7.50975e-05
362;1e-07;7.48903e-05
363;1e-07;7.46843e-05
364;1e-07;7.44794e-05
365;1e-07;7.42756e-05
366;2e-07;7.40732e-05
367;1e-07;7.38717e-05
368;1e-07;7.36712e-05
369;0;7.34715e-05
370;0;7.3273e-05
371;0;7.30755e-05
372;1e-07;7.28793e-05
373;1e-07;7.26842e-05
374;1e-07;7.24901e-05
375;6e-07;7.22984e-05
376;2e-07;7.21066e-05
377;2e-07;7.19159e-05
378;1e-07;7.17259e-05
379;2e-07;7.15372e-05
380;1e-07;7.13492e-05
381;1e-07;7.11622e-05
382;1e-07;7.09762e-05
383;1e-07;7.07911e-05
384;1e-07;7.0607e-05
385;0;7.04236e-05
386;0;7.02412e-05
387;1e-07;7.00599e-05
388;1e-07;6.98796e-05
389;1e-07;6.97003e-05
390;1e-07;6.95218e-05
391;1e-07;6.93442e-05
392;5.79e-05;6.93151e-05
393;2e-07;6.91392e-05
394;2e-07;6.89642e-05
395;1e-07;6.87899e-05
396;4e-07;6.86172e-05
397;1e-07;6.84446e-05
398;2.09e-05;6.83251e-05
399;0.0005395;6.9506e-05
400;2.01e-05;6.93825e-05
401;1e-07;6.92097e-05
402;1e-07;6.90378e-05
403;1.9e-05;6.89136e-05
404;1.84e-05;6.87886e-05
405;2e-07;6.86193e-05
406;1e-07;6.84505e-05
407;2e-07;6.82828e-05
408;1.9e-05;6.8162e-05
409;5e-07;6.79966e-05
410;0.000567;6.92137e-05
411;0.0004758;7.02029e-05
412;0.0004838;7.12068e-05
413;3.38e-05;7.11162e-05
414;0.0007548;7.27676e-05
415;3e-07;7.2593e-05
416;2e-07;7.2419e-05
417;2e-07;7.22458e-05
418;0.0010244;7.45237e-05
419;0.0007071;7.60334e-05
420;2e-07;7.58529e-05
421;2e-07;7.56732e-05
422;0.0007098;7.71758e-05
423;3.4e-05;7.70738e-05
424;0.0001937;7.73488e-05
425;2e-07;7.71673e-05
426;2.5e-06;7.6992e-05
427;2e-07;7.68122e-05
428;6e-07;7.66341e-05
429;3e-07;7.64562e-05
430;1e-07;7.62786e-05
431;1e-07;7.61019e-05
432;2e-07;7.59262e-05
433;1e-07;7.5751e-05
434;2e-07;7.5577e-05
435;3e-07;7.54039e-05
436;2e-07;7.52314e-05
437;2e-07;7.50597e-05
438;1e-07;7.48886e-05
439;5e-07;7.47191e-05
440;2e-07;7.45498e-05
441;2e-07;7.43812e-05
442;2e-07;7.42133e-05
443;7e-07;7.40474e-05
444;3e-07;7.38813e-05
445;2e-07;7.37157e-05
446;2e-07;7.35509e-05
447;2e-07;7.33868e-05
448;1e-07;7.32232e-05
449;2e-07;7.30606e-05
450;2e-07;7.28987e-05
451;1e-07;7.27373e-05
452;2e-07;7.25768e-05
453;1e-07;7.24168e-05
454;1e-07;7.22575e-05
455;2e-07;7.20991e-05
456;1e-07;7.19412e-05
457;1e-07;7.1784e-05
458;1e-07;7.16275e-05
459;1e-07;7.14717e-05
460;3e-07;7.1317e-05
461;1e-07;7.11625e-05
462;1e-07;7.10087e-05
463;1e-07;7.08555e-05
464;2e-07;7.07032e-05
465;1e-07;7.05514e-05
466;1e-07;7.04002e-05
467;2e-07;7.02499e-05
468;1e-07;7.01e-05
469;5e-07;6.99516e-05
470;1e-07;6.9803e-05
471;1e-07;6.9655e-05
472;1e-07;6.95076e-05
473;1e-07;6.93609e-05
474;1e-07;6.92148e-05
475;1e-07;6.90693e-05
476;2e-07;6.89246e-05
477;7e-07;6.87816e-05
478;2e-07;6.86381e-05
479;2e-07;6.84952e-05
480;2e-07;6.83529e-05
481;2e-07;6.82112e-05
482;1e-07;6.80699e-05
483;2e-07;6.79294e-05
484;2e-07;6.77895e-05
485;2e-07;6.76501e-05
486;1e-07;6.75111e-05
487;1e-07;6.73727e-05
488;0;6.72346e-05
489;2e-07;6.70975e-05
490;2e-07;6.6961e-05
491;0;6.68246e-05
492;0;6.66888e-05
493;1e-07;6.65538e-05
494;4e-07;6.64198e-05
495;1e-07;6.62859e-05
496;1e-07;6.61524e-05
497;2e-07;6.60197e-05
498;1e-07;6.58873e-05
499;1e-07;6.57555e-05
500;1e-07;6.56242e-05
501;1e-07;6.54934e-05
502;2e-07;6.53633e-05
503;2e-07;6.52338e-05
504;1e-07;6.51046e-05
505;1e-07;6.49758e-05
506;0;6.48474e-05
507;1e-07;6.47197e-05
508;1e-07;6.45925e-05
509;1e-07;6.44658e-05
510;2e-07;6.43398e-05
511;4.79e-05;6.43076e-05
512;0.0005504;6.5257e-05
513;2e-07;6.51302e-05
514;1e-07;6.50037e-05
515;2.05e-05;6.49173e-05
516;0.0003978;6.55624e-05
517;2.09e-05;6.5476e-05
518;0.0003802;6.60836e-05
519;2.67e-05;6.60077e-05
520;2e-07;6.58812e-05
521;1e-07;6.57549e-05
522;1.99e-05;6.5667e-05
523;1.88e-05;6.55774e-05
524;3e-07;6.54529e-05
525;1.98e-05;6.53659e-05
526;0.0004985;6.61894e-05
527;0.0001423;6.63338e-05
528;3e-07;6.62087e-05
529;1e-07;6.60837e-05
530;4.7e-05;6.60477e-05
531;2.05e-05;6.5962e-05
532;1e-07;6.58382e-05
533;1e-07;6.57148e-05
534;2e-07;6.55921e-05
535;2e-07;6.54699e-05
536;2e-07;6.53481e-05
537;1.93e-05;6.52624e-05
538;1.87e-05;6.51758e-05
539;1e-07;6.50551e-05
540;1e-07;6.49348e-05
541;0.0005897;6.59048e-05
542;2e-07;6.57836e-05
543;1e-07;6.56626e-05
544;1e-07;6.55421e-05
545;6e-07;6.54229e-05
546;1e-07;6.53033e-05
547;1e-07;6.51841e-05
548;1e-07;6.50653e-05
549;1e-07;6.4947e-05
550;1e-07;6.48291e-05
551;1e-07;6.47116e-05
552;1e-07;6.45946e-05
553;2e-07;6.44781e-05
554;2e-07;6.43621e-05
555;1e-07;6.42463e-05
556;0;6.41308e-05
557;1e-07;6.40158e-05
558;1e-07;6.39013e-05
559;1e-07;6.37871e-05
560;1e-07;6.36734e-05
561;1e-07;6.35601e-05
562;6e-07;6.3448e-05
563;2e-07;6.33357e-05
564;1e-07;6.32236e-05
565;2e-07;6.3112e-05
566;1e-07;6.30007e-05
567;1e-07;6.28898e-05
568;2e-07;6.27794e-05
569;2e-07;6.26694e-05
570;1e-07;6.25596e-05
571;1e-07;6.24503e-05
572;3e-07;6.23416e-05
573;1e-07;6.2233e-05
574;1e-07;6.21247e-05
575;2e-07;6.2017e-05
576;2e-07;6.19097e-05
577;2e-07;6.18028e-05
578;1e-07;6.1696e-05
579;3e-07;6.159e-05
580;2e-07;6.14841e-05
581;1e-07;6.13785e-05
582;1e-07;6.12732e-05
583;2e-07;6.11684e-05
584;2e-07;6.1064e-05
585;2e-07;6.096e-05
586;1e-07;6.08561e-05
587;1e-07;6.07526e-05
588;1e-07;6.06495e-05
589;2e-07;6.05469e-05
590;1e-07;6.04444e-05
591;0;6.03421e-05
592;1e-07;6.02404e-05
593;1e-07;6.0139e-05
594;1e-07;6.00379e-05
595;1e-07;5.99371e-05
596;4e-07;5.98372e-05
597;2e-07;5.97374e-05
598;1e-07;5.96376e-05
599;2e-07;5.95384e-05
600;4e-07;5.94398e-05
601;1e-07;5.93411e-05
602;3e-07;5.9243e-05
603;1e-07;5.91449e-05
604;1e-07;5.90472e-05
605;1e-07;5.89498e-05
606;2e-07;5.88528e-05
607;1e-07;5.8756e-05
608;1e-07;5.86595e-05
609;1e-07;5.85634e-05
610;1e-07;5.84675e-05
611;0;5.83718e-05
612;0;5.82765e-05
613;4.73e-05;5.82586e-05
614;2e-07;5.8164e-05
615;2e-07;5.80698e-05
616;1e-07;5.79756e-05
617;1e-07;5.78818e-05
618;2e-07;5.77885e-05
619;2.13e-05;5.77296e-05
620;1e-07;5.76366e-05
621;2.01e-05;5.75762e-05
622;1e-07;5.74838e-05
623;2e-07;5.73918e-05
624;1.9e-05;5.73303e-05
625;1.85e-05;5.72682e-05
626;1e-07;5.71768e-05
627;2e-07;5.7086e-05
628;3e-07;5.69955e-05
629;1.9e-05;5.69351e-05
630;4e-07;5.68454e-05
631;0.0005696;5.7658e-05
632;1e-07;5.75669e-05
633;3e-07;5.74765e-05
634;0.0004244;5.80552e-05
635;0.0003886;5.85757e-05
636;3e-07;5.84841e-05
637;0.0006308;5.93826e-05
638;2e-07;5.92898e-05
639;3e-07;5.91975e-05
640;2e-07;5.91053e-05
641;1.1e-06;5.90148e-05
642;7e-07;5.8924e-05
643;4e-07;5.8833e-05
644;4.18e-05;5.88065e-05
645;0.0002092;5.90397e-05
646;2e-07;5.89486e-05
647;4e-07;5.88581e-05
648;2e-07;5.87676e-05
649;5.32e-05;5.8759e-05
650;2.37e-05;5.87051e-05
651;2e-07;5.86152e-05
652;1e-07;5.85255e-05
653;1e-07;5.8436e-05
654;3e-07;5.83471e-05
655;1e-07;5.82582e-05
656;2.43e-05;5.82064e-05
657;2.41e-05;5.81545e-05
658;1e-07;5.80663e-05
659;1e-07;5.79783e-05
660;1.93e-05;5.79197e-05
661;1e-07;5.78322e-05
662;2e-07;5.77452e-05
663;1e-07;5.76582e-05
664;4e-07;5.7572e-05
665;2e-07;5.74857e-05
666;1e-07;5.73995e-05
667;1e-07;5.73136e-05
668;2e-07;5.72281e-05
669;1e-07;5.71428e-05
670;6e-07;5.70584e-05
671;1e-07;5.69735e-05
672;2e-07;5.6889e-05
673;1e-07;5.68046e-05
674;1e-07;5.67205e-05
675;1e-07;5.66366e-05
676;1e-07;5.6553e-05
677;1e-07;5.64696e-05
678;2e-07;5.63866e-05
679;1e-07;5.63037e-05
680;1e-07;5.6221e-05
681;3e-07;5.61389e-05
682;2e-07;5.60569e-05
683;2e-07;5.59751e-05
684;2e-07;5.58936e-05
685;2e-07;5.58123e-05
686;1e-07;5.5731e-05
687;2e-07;5.56502e-05
688;1e-07;5.55695e-05
689;2e-07;5.54891e-05
690;1e-07;5.54088e-05
691;3e-07;5.53291e-05
692;1e-07;5.52493e-05
693;0;5.51696e-05
694;1e-07;5.50902e-05
695;1e-07;5.50111e-05
696;0;5.4932e-05
697;1e-07;5.48534e-05
698;3e-07;5.47752e-05
699;2e-07;5.46971e-05
700;1e-07;5.46191e-05
701;1e-07;5.45414e-05
702;2e-07;5.4464e-05
703;2e-07;5.43868e-05
704;2e-07;5.43098e-05
705;0;5.42328e-05
706;0;5.41559e-05
707;2e-07;5.40796e-05
708;2e-07;5.40035e-05
709;1e-07;5.39275e-05
710;1e-07;5.38517e-05
711;1e-07;5.37761e-05
712;1e-07;5.37007e-05
713;2e-07;5.36257e-05
714;2e-07;5.35508e-05
715;5e-07;5.34766e-05
716;2e-07;5.34022e-05
717;1e-07;5.33279e-05
718;1e-07;5.32538e-05
719;1e-07;5.31798e-05
720;1e-07;5.31061e-05
721;2e-07;5.30327e-05
722;0;5.29593e-05
723;1e-07;5.28862e-05
724;1e-07;5.28133e-05
725;1e-07;5.27406e-05
726;0;5.26679e-05
727;1e-07;5.25956e-05
728;1e-07;5.25235e-05
729;2e-07;5.24517e-05
730;0;5.23799e-05
731;2e-07;5.23085e-05
732;3e-07;5.22374e-05
733;1e-07;5.21663e-05
734;1e-07;5.20954e-05
735;3e-07;5.20249e-05
736;2e-07;5.19545e-05
737;0;5.1884e-05
738;2e-07;5.1814e-05
739;1e-07;5.1744e-05
740;1e-07;5.16742e-05
741;5e-07;5.16051e-05
742;1e-07;5.15357e-05
743;1e-07;5.14665e-05
744;0;5.13973e-05
745;1e-07;5.13285e-05
746;0;5.12597e-05
747;1e-07;5.11912e-05
748;1e-07;5.11229e-05
749;4.98e-05;5.11211e-05
750;0.0005361;5.17677e-05
751;2e-07;5.16991e-05
752;1e-07;5.16305e-05
753;2e-07;5.15622e-05
754;0.0007165;5.2444e-05
755;3.45e-05;5.24203e-05
756;0.0009727;5.36376e-05
757;0.0001198;5.3725e-05
758;3e-07;5.36545e-05
759;2e-07;5.35841e-05
760;3.63e-05;5.35613e-05
761;1.89e-05;5.35158e-05
762;3e-07;5.34459e-05
763;2.23e-05;5.34051e-05
764;0.0002394;5.36486e-05
765;1.96e-05;5.36041e-05
766;3e-07;5.35345e-05
767;1e-07;5.34648e-05
768;3e-07;5.33956e-05
769;1e-07;5.33263e-05
770;0.0006492;5.41001e-05
771;3e-07;5.40303e-05
772;4e-07;5.39609e-05
773;3e-07;5.38915e-05
774;2e-07;5.38221e-05
775;3e-07;5.3753e-05
776;1e-07;5.36839e-05
777;2e-07;5.36151e-05
778;5e-07;5.35468e-05
779;2.3e-06;5.3481e-05
780;8e-07;5.34135e-05
781;3e-07;5.33455e-05
782;2e-07;5.32775e-05
783;5e-07;5.32101e-05
784;2e-07;5.31425e-05
785;4.5e-05;5.31321e-05
786;1.98e-05;5.30897e-05
787;1e-07;5.30224e-05
788;1e-07;5.29552e-05
789;3e-07;5.28885e-05
790;1e-07;5.28216e-05
791;1e-07;5.2755e-05
792;1.94e-05;5.27129e-05
793;1.87e-05;5.267e-05
794;1e-07;5.26038e-05
795;1e-07;5.25377e-05
796;1.87e-05;5.24952e-05
797;2e-07;5.24296e-05
798;1e-07;5.2364e-05
799;1e-07;5.22986e-05
800;5e-07;5.22339e-05
801;3e-07;5.2169e-05
802;1e-07;5.21041e-05
803;2e-07;5.20395e-05
804;2e-07;5.1975e-05
805;1e-07;5.19106e-05
806;2e-07;5.18464e-05
807;2e-07;5.17824e-05
808;1e-07;5.17184e-05
809;2e-07;5.16548e-05
810;2e-07;5.15912e-05
811;1e-07;5.15277e-05
812;1e-07;5.14644e-05
813;2e-07;5.14014e-05
814;1e-07;5.13383e-05
815;1e-07;5.12755e-05
816;1e-07;5.12127e-05
817;8e-07;5.1151e-05
818;1e-07;5.10886e-05
819;1e-07;5.10264e-05
820;0;5.09641e-05
821;1e-07;5.09022e-05
822;1e-07;5.08404e-05
823;1e-07;5.07787e-05
824;2e-07;5.07174e-05
825;2e-07;5.06561e-05
826;4e-07;5.05953e-05
827;3e-07;5.05345e-05
828;1e-07;5.04736e-05
829;1e-07;5.04128e-05
830;1e-07;5.03522e-05
831;1e-07;5.02917e-05
832;1e-07;5.02314e-05
833;1e-07;5.01712e-05
834;4e-07;5.01115e-05
835;2e-07;5.00517e-05
836;2e-07;4.99921e-05
837;2e-07;4.99326e-05
838;1e-07;4.98732e-05
839;2e-07;4.98139e-05
840;1e-07;4.97548e-05
841;3e-07;4.9696e-05
842;1e-07;4.96371e-05
843;5e-07;4.95788e-05
844;3e-07;4.95204e-05
845;1e-07;4.94619e-05
846;1e-07;4.94035e-05
847;2e-07;4.93455e-05
848;1e-07;4.92874e-05
849;1e-07;4.92294e-05
850;2e-07;4.91718e-05
851;4e-07;4.91145e-05
852;2e-07;4.9057e-05
853;1e-07;4.89996e-05
854;2e-07;4.89425e-05
855;2e-07;4.88855e-05
856;0;4.88284e-05
857;2e-07;4.87716e-05
858;3e-07;4.87152e-05
859;1e-07;4.86586e-05
860;2e-07;4.86022e-05
861;2e-07;4.8546e-05
862;0;4.84897e-05
863;3e-07;4.84338e-05
864;1e-07;4.83779e-05
865;2e-07;4.83222e-05
866;1e-07;4.82665e-05
867;0;4.82108e-05
868;5e-07;4.81559e-05
869;1e-07;4.81006e-05
870;2e-07;4.80455e-05
871;2e-07;4.79906e-05
872;2e-07;4.79358e-05
873;1e-07;4.7881e-05
874;1e-07;4.78263e-05
875;1e-07;4.77718e-05
876;1e-07;4.77174e-05
877;4e-07;4.76634e-05
878;2e-07;4.76093e-05
879;0;4.75552e-05
880;1e-07;4.75012e-05
881;1e-07;4.74474e-05
882;1e-07;4.73938e-05
883;1e-07;4.73402e-05
884;1e-07;4.72868e-05
885;4.84e-05;4.7288e-05
886;0.0005749;4.78835e-05
887;2e-07;4.78298e-05
888;2e-07;4.77761e-05
889;1e-07;4.77225e-05
890;0.0006746;4.84269e-05
891;7.63e-05;4.84581e-05
892;7e-07;4.84046e-05
893;1.95e-05;4.83722e-05
894;1e-07;4.83182e-05
895;1e-07;4.82644e-05
896;1.88e-05;4.82315e-05
897;2.25e-05;4.82028e-05
898;5e-07;4.81497e-05
899;2.44e-05;4.81232e-05
900;2e-07;4.807e-05
901;1.9e-05;4.80377e-05
902;4e-07;4.79849e-05
903;1e-07;4.79319e-05
904;3e-07;4.78792e-05
905;2e-07;4.78265e-05
906;0.0005869;4.84215e-05
907;1e-07;4.83682e-05
908;3e-07;4.83153e-05
909;0.0010848;4.94556e-05
910;2e-07;4.94014e-05
911;3e-07;4.93475e-05
912;3e-07;4.92937e-05
913;2e-07;4.924e-05
914;1e-07;4.91862e-05
915;2e-07;4.91327e-05
916;2e-07;4.90793e-05
917;0.0005798;4.9658e-05
918;1e-06;4.9605e-05
919;5e-07;4.95516e-05
920;2e-07;4.94979e-05
921;4.43e-05;4.94923e-05
922;2.11e-05;4.94615e-05
923;1e-07;4.9408e-05
924;1e-07;4.93547e-05
925;2e-07;4.93015e-05
926;1e-07;4.92484e-05
927;2e-07;4.91955e-05
928;1.99e-05;4.91639e-05
929;1.89e-05;4.91313e-05
930;1e-07;4.90786e-05
931;0;4.90259e-05
932;1.88e-05;4.89935e-05
933;0;4.89409e-05
934;2e-07;4.88888e-05
935;2e-07;4.88367e-05
936;5e-07;4.8785e-05
937;2e-07;4.87332e-05
938;2e-07;4.86814e-05
939;2e-07;4.86298e-05
940;1e-07;4.85782e-05
941;1e-07;4.85267e-05
942;1e-07;4.84753e-05
943;1e-07;4.8424e-05
944;1e-07;4.83728e-05
945;1e-07;4.83217e-05
946;1e-07;4.82707e-05
947;1e-07;4.82199e-05
948;1e-07;4.81691e-05
949;2e-07;4.81185e-05
950;1e-07;4.8068e-05
951;0;4.80175e-05
952;1e-07;4.79671e-05
953;4e-07;4.79172e-05
954;2e-07;4.78672e-05
955;2e-07;4.78173e-05
956;2e-07;4.77675e-05
957;1e-07;4.77177e-05
958;1e-07;4.7668e-05
959;1e-07;4.76184e-05
960;2e-07;4.7569e-05
961;1e-07;4.75196e-05
962;1e-07;4.74703e-05
963;1e-07;4.74211e-05
964;0;4.73719e-05
965;1e-07;4.73229e-05
966;1e-07;4.7274e-05
967;2e-07;4.72253e-05
968;1e-07;4.71767e-05
969;0;4.7128e-05
970;3e-07;4.70797e-05
971;2e-07;4.70314e-05
972;1e-07;4.69831e-05
973;3e-07;4.69351e-05
974;2e-07;4.68872e-05
975;3e-07;4.68394e-05
976;1e-07;4.67915e-05
977;1e-07;4.67437e-05
978;1e-07;4.6696e-05
979;2e-07;4.66485e-05
980;1e-07;4.6601e-05
981;1e-07;4.65536e-05
982;2e-07;4.65064e-05
983;2e-07;4.64593e-05
984;2e-07;4.64123e-05
985;1e-07;4.63653e-05
986;2e-07;4.63185e-05
987;4e-07;4.62719e-05
988;1e-07;4.62252e-05
989;1e-07;4.61786e-05
990;2e-07;4.61321e-05
991;2e-07;4.60858e-05
992;1e-07;4.60394e-05
993;1e-07;4.59932e-05
994;1e-07;4.5947e-05
995;1e-07;4.59009e-05
996;2e-07;4.5855e-05
997;2e-07;4.58092e-05
998;1e-07;4.57634e-05
999;2e-07;4.57178e-05
1000;2e-07;4.56723e-05
1001;1e-07;4.56268e-05
1002;1e-07;4.55813e-05
1003;1e-07;4.5536e-05
1004;5e-07;4.54911e-05
1005;2e-07;4.54461e-05
1006;1e-07;4.5401e-05
1007;1e-07;4.5356e-05
1008;3e-07;4.53113e-05
1009;1e-07;4.52665e-05
1010;1e-07;4.52218e-05
1011;2e-07;4.51773e-05
1012;2e-07;4.51328e-05
1013;1e-07;4.50884e-05
1014;0;4.50439e-05
1015;1e-07;4.49996e-05
1016;2e-07;4.49555e-05
1017;1e-07;4.49114e-05
1018;1e-07;4.48674e-05
1019;2e-07;4.48236e-05
1020;0;4.47796e-05
1021;5.04e-05;4.47851e-05
1022;0.000567;4.52961e-05
1023;1e-07;4.52519e-05
1024;3e-07;4.5208e-05
1025;1e-07;4.5164e-05
1026;0.0007356;4.58369e-05
1027;4.12e-05;4.58324e-05
1028;2e-07;4.5788e-05
1029;1.92e-05;4.57622e-05
1030;2e-07;4.5718e-05
1031;2e-07;4.56738e-05
1032;2.41e-05;4.56529e-05
1033;2.01e-05;4.56282e-05
1034;2e-07;4.55842e-05
1035;1.89e-05;4.55585e-05
1036;2e-07;4.55147e-05
1037;4.19e-05;4.55112e-05
1038;4e-07;4.54677e-05
1039;1e-07;4.54241e-05
1040;3e-07;4.53807e-05
1041;2e-07;4.53373e-05
1042;0.0005847;4.58549e-05
1043;1e-07;4.5811e-05
1044;3e-07;4.57674e-05
1045;0.0006843;4.63785e-05
1046;2e-07;4.63343e-05
1047;1.3e-06;4.62913e-05
1048;3e-07;4.62474e-05
1049;2e-07;4.62035e-05
1050;2e-07;4.61597e-05
1051;7e-07;4.61165e-05
1052;7e-07;4.60733e-05
1053;0.0003184;4.63319e-05
1054;8e-07;4.62887e-05
1055;5e-07;4.62453e-05
1056;1e-07;4.62016e-05
1057;0.00012;4.62714e-05
1058;2.42e-05;4.62506e-05
1059;1e-07;4.6207e-05
1060;1e-07;4.61635e-05
1061;3e-07;4.61203e-05
1062;1e-07;4.60769e-05
1063;1e-07;4.60337e-05
1064;2.07e-05;4.60099e-05
1065;1.9e-05;4.59845e-05
1066;1e-07;4.59415e-05
1067;1e-07;4.58985e-05
1068;0.0006069;4.64238e-05
1069;3e-07;4.63806e-05
1070;3e-07;4.63376e-05
1071;2e-07;4.62945e-05
1072;4e-07;4.62517e-05
1073;5e-07;4.6209e-05
1074;3e-07;4.61663e-05
1075;3e-07;4.61236e-05
1076;2e-07;4.60809e-05
1077;1e-07;4.60383e-05
1078;3e-07;4.59958e-05
1079;1e-07;4.59533e-05
1080;2e-07;4.59109e-05
1081;2e-07;4.58686e-05
1082;3e-07;4.58265e-05
1083;1e-07;4.57843e-05
1084;0;4.57421e-05
1085;1e-07;4.57e-05
1086;2e-07;4.56581e-05
1087;7e-07;4.56167e-05
1088;1e-07;4.55749e-05
1089;6e-07;4.55336e-05
1090;2e-07;4.5492e-05
1091;1e-07;4.54504e-05
1092;1e-07;4.54089e-05
1093;2e-07;4.53675e-05
1094;1e-07;4.53261e-05
1095;3e-07;4.5285e-05
1096;2e-07;4.52439e-05
1097;1e-07;4.52027e-05
1098;1e-07;4.51617e-05
1099;1e-07;4.51207e-05
1100;0;4.50796e-05
1101;1e-07;4.50388e-05
1102;1e-07;4.4998e-05
1103;1e-07;4.49573e-05
1104;0;4.49166e-05
1105;1e-07;4.4876e-05
1106;5e-07;4.48359e-05
1107;1e-07;4.47955e-05
1108;2e-07;4.47552e-05
1109;2e-07;4.47151e-05
1110;2e-07;4.4675e-05
1111;1e-07;4.46348e-05
1112;1e-07;4.45948e-05
1113;2e-07;4.45549e-05
1114;2e-07;4.45151e-05
1115;2e-07;4.44753e-05
1116;1e-07;4.44356e-05
1117;1e-07;4.43959e-05
1118;2e-07;4.43564e-05
1119;1e-07;4.43168e-05
1120;1e-07;4.42773e-05
1121;1e-07;4.42379e-05
1122;0;4.41985e-05
1123;7e-07;4.41598e-05
1124;1e-07;4.41206e-05
1125;2e-07;4.40815e-05
1126;2e-07;4.40425e-05
1127;2e-07;4.40036e-05
1128;2e-07;4.39648e-05
1129;2e-07;4.3926e-05
1130;2e-07;4.38873e-05
1131;2e-07;4.38487e-05
1132;1e-07;4.38101e-05
1133;2e-07;4.37716e-05
1134;1e-07;4.37331e-05
1135;1e-07;4.36946e-05
1136;1e-07;4.36562e-05
1137;1e-07;4.36179e-05
1138;2e-07;4.35798e-05
1139;1e-07;4.35416e-05
1140;5e-07;4.35039e-05
1141;1e-07;4.34658e-05
1142;1e-07;4.34278e-05
1143;1e-07;4.33899e-05
1144;2e-07;4.33522e-05
1145;0;4.33143e-05
1146;2e-07;4.32767e-05
1147;1e-07;4.32391e-05
1148;2e-07;4.32016e-05
1149;2e-07;4.31641e-05
1150;2e-07;4.31268e-05
1151;1e-07;4.30894e-05
1152;0;4.3052e-05
1153;1e-07;4.30147e-05
1154;2e-07;4.29776e-05
1155;1e-07;4.29405e-05
1156;1e-07;4.29035e-05
1157;5.16e-05;4.2911e-05
1158;2e-07;4.28741e-05
1159;1e-07;4.28372e-05
1160;1e-07;4.28003e-05
1161;2e-07;4.27637e-05
1162;2e-07;4.2727e-05
1163;2.05e-05;4.27079e-05
1164;2e-07;4.26714e-05
1165;1.86e-05;4.26507e-05
1166;2e-07;4.26143e-05
1167;1e-07;4.25779e-05
1168;1.84e-05;4.25572e-05
1169;1.81e-05;4.25363e-05
1170;1e-07;4.25e-05
1171;4e-07;4.2464e-05
1172;0;4.24278e-05
1173;1.89e-05;4.24078e-05
1174;4e-07;4.2372e-05
1175;0.0008441;4.30543e-05
1176;1.1e-06;4.30186e-05
1177;4e-07;4.29824e-05
1178;2e-07;4.29461e-05
1179;0.0012132;4.39387e-05
1180;3e-07;4.39017e-05
1181;0.0006761;4.4437e-05
1182;2e-07;4.43996e-05
1183;2e-07;4.43622e-05
1184;5e-07;4.43252e-05
1185;1e-07;4.42878e-05
1186;1e-07;4.42506e-05
1187;2e-07;4.42135e-05
1188;3.2e-05;4.42032e-05
1189;0.0002025;4.43363e-05
1190;3e-07;4.42993e-05
1191;3e-06;4.42647e-05
1192;7e-07;4.42281e-05
1193;0.0005297;4.4635e-05
1194;0.0001391;4.47142e-05
1195;0.0008884;4.54202e-05
1196;5e-07;4.53826e-05
1197;3e-07;4.53449e-05
1198;4e-07;4.53074e-05
1199;3e-07;4.52699e-05
1200;3.68e-05;4.52628e-05
1201;2.39e-05;4.5245e-05
1202;3e-07;4.52077e-05
1203;1e-07;4.51702e-05
1204;4e-07;4.5133e-05
1205;1e-07;4.50956e-05
1206;2e-07;4.50584e-05
1207;2e-07;4.50212e-05
1208;1.8e-06;4.49854e-05
1209;6e-07;4.49487e-05
1210;7e-07;4.49121e-05
1211;7e-07;4.48756e-05
1212;1e-06;4.48394e-05
1213;1e-07;4.48026e-05
1214;2e-07;4.47658e-05
1215;4e-07;4.47293e-05
1216;6e-07;4.4693e-05
1217;8e-07;4.46569e-05
1218;9e-07;4.4621e-05
1219;7e-07;4.4585e-05
1220;6e-07;4.45489e-05
1221;0.0007312;4.51113e-05
1222;1e-07;4.50745e-05
1223;2e-07;4.50378e-05
1224;2e-07;4.50011e-05
1225;3e-07;4.49647e-05
1226;1e-07;4.49281e-05
1227;0;4.48914e-05
1228;1e-07;4.4855e-05
1229;2e-07;4.48186e-05
1230;2e-07;4.47824e-05
1231;3e-07;4.47462e-05
1232;2e-07;4.47101e-05
1233;2e-07;4.4674e-05
1234;3e-07;4.4638e-05
1235;2e-07;4.4602e-05
1236;1e-07;4.4566e-05
1237;1e-07;4.45301e-05
1238;1e-07;4.44942e-05
1239;1e-07;4.44584e-05
1240;1e-07;4.44226e-05
1241;1e-07;4.43869e-05
1242;5e-07;4.43515e-05
1243;1e-07;4.43159e-05
1244;1e-07;4.42804e-05
1245;1e-07;4.42449e-05
1246;1e-07;4.42095e-05
1247;2e-07;4.41742e-05
1248;1e-07;4.41389e-05
1249;1e-07;4.41036e-05
1250;1e-07;4.40684e-05
1251;2e-07;4.40333e-05
1252;1e-07;4.39982e-05
1253;1e-07;4.39632e-05
1254;1e-07;4.39282e-05
1255;1e-07;4.38933e-05
1256;1e-07;4.38584e-05
1257;1e-07;4.38236e-05
1258;2e-07;4.3789e-05
1259;5e-07;4.37546e-05
1260;2e-07;4.372e-05
1261;2e-07;4.36855e-05
1262;2e-07;4.3651e-05
1263;3e-07;4.36167e-05
1264;1e-07;4.35823e-05
1265;2e-07;4.3548e-05
1266;1e-07;4.35137e-05
1267;1e-07;4.34794e-05
1268;2e-07;4.34453e-05
1269;2e-07;4.34112e-05
1270;0;4.3377e-05
1271;1e-07;4.3343e-05
1272;2e-07;4.3309e-05
1273;1e-07;4.32751e-05
1274;1e-07;4.32412e-05
1275;1e-07;4.32074e-05
1276;9e-07;4.31742e-05
1277;2e-07;4.31406e-05
1278;1e-07;4.31069e-05
1279;2e-07;4.30733e-05
1280;2e-07;4.30398e-05
1281;1e-07;4.30063e-05
1282;2e-07;4.29729e-05
1283;5e-07;4.29398e-05
1284;7e-07;4.29069e-05
1285;4e-07;4.28739e-05
1286;2e-07;4.28407e-05
1287;1e-07;4.28075e-05
1288;3e-07;4.27745e-05
1289;1e-07;4.27413e-05
1290;1e-07;4.27083e-05
1291;2e-07;4.26754e-05
1292;7e-07;4.26429e-05
1293;5e-07;4.26103e-05
1294;2e-07;4.25775e-05
1295;1e-07;4.25447e-05
1296;3e-07;4.25121e-05
1297;6e-07;4.24798e-05
1298;1e-07;4.24471e-05
1299;2e-07;4.24146e-05
1300;1e-07;4.23821e-05
1301;1e-07;4.23496e-05
1302;3e-07;4.23173e-05
1303;1e-07;4.22849e-05
1304;1e-07;4.22525e-05
1305;1e-07;4.22202e-05
1306;1e-07;4.2188e-05
1307;2e-07;4.21559e-05
1308;1e-07;4.21237e-05
1309;1e-07;4.20916e-05
1310;5.17e-05;4.20989e-05
1311;2e-07;4.2067e-05
1312;1e-07;4.2035e-05
1313;2e-07;4.20031e-05
1314;2e-07;4.19713e-05
1315;1e-07;4.19395e-05
1316;2.34e-05;4.19254e-05
1317;3e-07;4.18938e-05
1318;1.89e-05;4.18763e-05
1319;1e-07;4.18447e-05
1320;1e-07;4.1813e-05
1321;1.86e-05;4.17955e-05
1322;2.57e-05;4.17833e-05
1323;2e-07;4.17519e-05
1324;1e-07;4.17204e-05
1325;2e-07;4.16891e-05
1326;2.53e-05;4.16767e-05
1327;4e-07;4.16456e-05
1328;0.0010271;4.23877e-05
1329;1e-07;4.23558e-05
1330;3e-07;4.23242e-05
1331;3e-07;4.22926e-05
1332;0.0015279;4.3408e-05
1333;3e-07;4.33756e-05
1334;0.0007874;4.39334e-05
1335;4e-07;4.39007e-05
1336;1e-07;4.3868e-05
1337;2e-07;4.38353e-05
1338;2e-07;4.38027e-05
1339;2e-07;4.37701e-05
1340;5e-07;4.37378e-05
1341;5.32e-05;4.37449e-05
1342;0.0004522;4.40493e-05
1343;1e-06;4.40172e-05
1344;5e-07;4.39848e-05
1345;2e-07;4.39523e-05
1346;6.35e-05;4.39668e-05
1347;3.16e-05;4.39576e-05
1348;0.0005114;4.43044e-05
1349;2e-07;4.42717e-05
1350;2e-07;4.4239e-05
1351;2e-07;4.42064e-05
1352;1e-07;4.41738e-05
1353;4.2e-05;4.41722e-05
1354;2.95e-05;4.41614e-05
1355;2e-07;4.41289e-05
1356;6e-07;4.40968e-05
1357;2e-07;4.40645e-05
1358;1e-07;4.40321e-05
1359;3e-07;4.39999e-05
1360;2e-07;4.39677e-05
1361;4e-07;4.39357e-05
1362;2e-07;4.39036e-05
1363;2e-07;4.38715e-05
1364;2e-07;4.38395e-05
1365;2e-07;4.38075e-05
1366;9e-07;4.37761e-05
1367;2e-07;4.37443e-05
1368;1e-07;4.37124e-05
1369;1e-07;4.36805e-05
1370;1e-07;4.36487e-05
1371;2e-07;4.3617e-05
1372;5e-07;4.35856e-05
1373;1e-07;4.35539e-05
1374;0.0010361;4.42763e-05
1375;8e-07;4.42447e-05
1376;7e-07;4.4213e-05
1377;2e-07;4.4181e-05
1378;4e-07;4.41493e-05
1379;1e-07;4.41173e-05
1380;2e-07;4.40855e-05
1381;3e-07;4.40538e-05
1382;2e-07;4.40221e-05
1383;1e-07;4.39903e-05
1384;3e-07;4.39587e-05
1385;2e-07;4.39271e-05
1386;1e-07;4.38955e-05
1387;2e-07;4.3864e-05
1388;2e-07;4.38326e-05
1389;1e-07;4.38011e-05
1390;1e-07;4.37696e-05
1391;1e-07;4.37382e-05
1392;1e-07;4.37069e-05
1393;1e-07;4.36756e-05
1394;1e-07;4.36443e-05
1395;8e-07;4.36136e-05
1396;1e-07;4.35824e-05
1397;3e-07;4.35515e-05
1398;1e-07;4.35204e-05
1399;3e-07;4.34895e-05
1400;1e-07;4.34585e-05
1401;2e-07;4.34276e-05
1402;1e-07;4.33967e-05
1403;2e-07;4.33659e-05
1404;3e-07;4.33353e-05
1405;2e-07;4.33046e-05
1406;2e-07;4.32739e-05
1407;1e-07;4.32432e-05
1408;1e-07;4.32126e-05
1409;2e-07;4.3182e-05
1410;1e-07;4.31515e-05
1411;2e-07;4.3121e-05
1412;5e-07;4.30909e-05
1413;2e-07;4.30605e-05
1414;1e-07;4.30301e-05
1415;1e-07;4.29998e-05
1416;1e-07;4.29695e-05
1417;2e-07;4.29393e-05
1418;2e-07;4.29092e-05
1419;1e-07;4.2879e-05
1420;1e-07;4.28489e-05
1421;3e-07;4.28189e-05
1422;2e-07;4.2789e-05
1423;1e-07;4.2759e-05
1424;1e-07;4.2729e-05
1425;2e-07;4.26992e-05
1426;1e-07;4.26693e-05
1427;1e-07;4.26395e-05
1428;1e-07;4.26097e-05
1429;4e-07;4.25801e-05
1430;2e-07;4.25505e-05
1431;1e-07;4.25208e-05
1432;1e-07;4.24912e-05
1433;1e-07;4.24616e-05
1434;2e-07;4.24321e-05
1435;2e-07;4.24027e-05
1436;1e-07;4.23733e-05
1437;1e-07;4.23438e-05
1438;2e-07;4.23145e-05
1439;1e-07;4.22852e-05
1440;2e-07;4.2256e-05
1441;1e-07;4.22267e-05
1442;2e-07;4.21976e-05
1443;2e-07;4.21685e-05
1444;2e-07;4.21394e-05
1445;0;4.21102e-05
1446;5e-07;4.20815e-05
1447;1e-07;4.20525e-05
1448;1e-07;4.20235e-05
1449;2e-07;4.19946e-05
1450;1e-07;4.19657e-05
1451;2e-07;4.19369e-05
1452;2e-07;4.19082e-05
1453;1e-07;4.18794e-05
1454;2e-07;4.18508e-05
1455;1e-07;4.18221e-05
1456;2e-07;4.17935e-05
1457;0;4.17648e-05
1458;1e-07;4.17362e-05
1459;1e-07;4.17077e-05
1460;1e-07;4.16792e-05
1461;2e-07;4.16508e-05
1462;2e-07;4.16224e-05
1463;5.22e-05;4.16297e-05
1464;2e-07;4.16014e-05
1465;1e-07;4.1573e-05
1466;1e-07;4.15447e-05
1467;1e-07;4.15165e-05
1468;1e-07;4.14883e-05
1469;2.6e-05;4.14777e-05
1470;1e-07;4.14496e-05
1471;1.9e-05;4.14343e-05
1472;1e-07;4.14062e-05
1473;2e-07;4.13783e-05
1474;1.84e-05;4.13627e-05
1475;1.84e-05;4.13471e-05
1476;1e-07;4.13192e-05
1477;1e-07;4.12913e-05
1478;1e-07;4.12634e-05
1479;1.86e-05;4.12481e-05
1480;5e-07;4.12205e-05
1481;0.000717;4.16768e-05
1482;3e-07;4.16489e-05
1483;3e-07;4.1621e-05
1484;3e-07;4.15932e-05
1485;0.0008432;4.2133e-05
1486;5e-07;4.2105e-05
1487;0.001143;4.28453e-05
1488;3e-07;4.28167e-05
1489;2e-07;4.27881e-05
1490;1e-07;4.27595e-05
1491;1e-07;4.27309e-05
1492;2e-07;4.27023e-05
1493;1e-07;4.26738e-05
1494;4.12e-05;4.26728e-05
1495;0.0002156;4.27885e-05
1496;2e-07;4.276e-05
1497;1.6e-06;4.27325e-05
1498;7e-07;4.27045e-05
1499;0.0013003;4.35434e-05
1500;0.0005433;4.38766e-05
1501;0.0004363;4.4138e-05
1502;8e-07;4.41092e-05
1503;3e-07;4.408e-05
1504;1e-07;4.40508e-05
1505;1e-07;4.40216e-05
1506;0.000813;4.45322e-05
1507;0.0013266;4.53829e-05
1508;9e-07;4.53534e-05
1509;8e-07;4.53239e-05
1510;3e-07;4.52941e-05
1511;2e-07;4.52643e-05
1512;2e-07;4.52345e-05
1513;2e-07;4.52047e-05
1514;6e-07;4.51752e-05
1515;2e-07;4.51455e-05
1516;2e-07;4.51159e-05
1517;4e-07;4.50864e-05
1518;2e-07;4.50569e-05
1519;1e-07;4.50273e-05
1520;1e-07;4.49977e-05
1521;2e-07;4.49682e-05
1522;1e-07;4.49388e-05
1523;3e-07;4.49095e-05
1524;1e-07;4.48801e-05
1525;2e-07;4.48508e-05
1526;2e-07;4.48215e-05
1527;0.0006128;4.51935e-05
1528;6e-07;4.51643e-05
1529;2e-07;4.51349e-05
1530;1e-07;4.51054e-05
1531;1.6e-06;4.5077e-05
1532;7e-07;4.5048e-05
1533;1.2e-06;4.50194e-05
1534;2e-07;4.49902e-05
1535;8e-07;4.49614e-05
1536;4e-07;4.49324e-05
1537;9e-07;4.49038e-05
1538;5e-07;4.48749e-05
1539;6e-07;4.48461e-05
1540;5e-07;4.48173e-05
1541;1.7e-06;4.47894e-05
1542;3e-07;4.47605e-05
1543;5e-07;4.47318e-05
1544;4e-07;4.47031e-05
1545;7e-07;4.46746e-05
1546;2e-07;4.46459e-05
1547;3e-07;4.46172e-05
1548;5e-07;4.45887e-05
1549;3e-07;4.45601e-05
1550;1e-07;4.45314e-05
1551;2e-07;4.45028e-05
1552;1e-07;4.44742e-05
1553;2e-07;4.44457e-05
1554;2e-07;4.44172e-05
1555;1e-07;4.43887e-05
1556;2e-07;4.43603e-05
1557;1e-07;4.43319e-05
1558;1e-07;4.43035e-05
1559;1e-07;4.42752e-05
1560;0;4.42468e-05
1561;1e-07;4.42185e-05
1562;1e-07;4.41903e-05
1563;1e-07;4.41621e-05
1564;1e-07;4.41339e-05
1565;4e-07;4.41059e-05
1566;2e-07;4.40779e-05
1567;2e-07;4.40499e-05
1568;2e-07;4.40219e-05
1569;1e-07;4.39939e-05
1570;1e-07;4.3966e-05
1571;2e-07;4.39381e-05
1572;1e-07;4.39102e-05
1573;1e-07;4.38824e-05
1574;1e-07;4.38546e-05
1575;1e-07;4.38268e-05
1576;1e-07;4.3799e-05
1577;1e-07;4.37713e-05
1578;1e-07;4.37437e-05
1579;9e-07;4.37165e-05
1580;4e-07;4.36891e-05
1581;5e-07;4.36618e-05
1582;4e-07;4.36345e-05
1583;4e-07;4.36071e-05
1584;1e-07;4.35797e-05
1585;1e-06;4.35528e-05
1586;4e-07;4.35256e-05
1587;4e-07;4.34984e-05
1588;2e-07;4.34712e-05
1589;1e-07;4.34439e-05
1590;3e-07;4.34167e-05
1591;9e-07;4.339e-05
1592;9e-07;4.33633e-05
1593;4e-07;4.33363e-05
1594;2e-07;4.33093e-05
1595;2e-07;4.32823e-05
1596;1e-07;4.32552e-05
1597;2e-07;4.32282e-05
1598;1e-07;4.32013e-05
1599;4e-07;4.31745e-05
1600;3e-07;4.31477e-05
1601;2e-07;4.31209e-05
1602;2e-07;4.30941e-05
1603;1e-07;4.30672e-05
1604;1e-07;4.30405e-05
1605;5e-07;4.3014e-05
1606;1e-07;4.29872e-05
1607;1e-07;4.29605e-05
1608;1e-07;4.29339e-05
1609;1e-07;4.29073e-05
1610;1e-07;4.28807e-05
1611;1e-07;4.28541e-05
1612;2e-07;4.28277e-05
1613;1e-07;4.28012e-05
1614;6e-07;4.2775e-05
1615;9e-07;4.27491e-05
1616;5.44e-05;4.27563e-05
1617;3e-07;4.27301e-05
1618;2e-07;4.27038e-05
1619;1e-07;4.26775e-05
1620;1e-07;4.26512e-05
1621;2e-07;4.2625e-05
1622;7.43e-05;4.26445e-05
1623;2e-07;4.26184e-05
1624;4.66e-05;4.26208e-05
1625;1.3e-06;4.25954e-05
1626;5e-07;4.25695e-05
1627;3.07e-05;4.25622e-05
1628;2.11e-05;4.2549e-05
1629;4e-07;4.25231e-05
1630;4e-07;4.24973e-05
1631;7e-07;4.24717e-05
1632;7.19e-05;4.24897e-05
1633;3e-07;4.24639e-05
1634;3e-07;4.24381e-05
1635;2e-07;4.24122e-05
1636;2e-07;4.23864e-05
1637;1e-07;4.23606e-05
1638;1e-07;4.23348e-05
1639;1e-07;4.2309e-05
1640;0.0010329;4.2913e-05
1641;2e-07;4.2887e-05
1642;1e-07;4.2861e-05
1643;2e-07;4.2835e-05
1644;1e-07;4.2809e-05
1645;1e-07;4.2783e-05
1646;1e-07;4.27571e-05
1647;8.01e-05;4.27798e-05
1648;0.000906;4.33036e-05
1649;1.6e-06;4.32783e-05
1650;2.2e-06;4.32534e-05
1651;0.0040223;4.56635e-05
1652;1.9e-06;4.5637e-05
1653;5e-07;4.56097e-05
1654;0.0007482;4.60345e-05
1655;0.0009519;4.65818e-05
1656;2e-07;4.65538e-05
1657;2e-07;4.65258e-05
1658;1e-07;4.64978e-05
1659;6e-07;4.64702e-05
1660;3e-07;4.64423e-05
1661;4e-07;4.64146e-05
1662;2e-07;4.63868e-05
1663;1e-07;4.6359e-05
1664;2e-07;4.63312e-05
1665;1e-07;4.63035e-05
1666;4e-07;4.62759e-05
1667;9e-07;4.62487e-05
1668;3e-07;4.62212e-05
1669;0.0010563;4.68264e-05
1670;0.0007004;4.72177e-05
1671;4e-07;4.71897e-05
1672;2e-07;4.71616e-05
1673;2e-07;4.71335e-05
1674;2e-07;4.71055e-05
1675;1.7e-06;4.70784e-05
1676;0.0004909;4.73432e-05
1677;0.0008431;4.78177e-05
1678;2e-07;4.77893e-05
1679;1e-07;4.77609e-05
1680;0.0015028;4.8627e-05
1681;2e-07;4.85982e-05
1682;3e-07;4.85695e-05
1683;1e-07;4.85407e-05
1684;6e-07;4.85122e-05
1685;4e-07;4.84837e-05
1686;4e-07;4.84552e-05
1687;5e-07;4.84267e-05
1688;4e-07;4.83983e-05
1689;2e-07;4.83697e-05
1690;7e-07;4.83415e-05
1691;2e-07;4.83131e-05
1692;2e-07;4.82846e-05
1693;7e-07;4.82565e-05
1694;1e-07;4.82281e-05
1695;1e-07;4.81997e-05
1696;4e-07;4.81715e-05
1697;2e-07;4.81433e-05
1698;2e-07;4.8115e-05
1699;3e-07;4.80869e-05
1700;3e-07;4.80588e-05
1701;4e-07;4.80307e-05
1702;2e-07;4.80026e-05
1703;3e-07;4.79746e-05
1704;2e-07;4.79466e-05
1705;2e-07;4.79186e-05
1706;1e-07;4.78906e-05
1707;2e-07;4.78626e-05
1708;2e-07;4.78347e-05
1709;5e-07;4.7807e-05
1710;4e-07;4.77793e-05
1711;2e-07;4.77515e-05
1712;1e-07;4.77237e-05
1713;2e-07;4.76959e-05
1714;1e-07;4.76681e-05
1715;2e-07;4.76405e-05
1716;1e-07;4.76128e-05
1717;3e-07;4.75852e-05
1718;5e-07;4.75578e-05
1719;3e-07;4.75303e-05
1720;5e-07;4.7503e-05
1721;2e-07;4.74755e-05
1722;1e-07;4.7448e-05
1723;2e-07;4.74205e-05
1724;1e-07;4.73931e-05
1725;2e-07;4.73657e-05
1726;1e-07;4.73384e-05
1727;2e-07;4.73111e-05
1728;2e-07;4.72838e-05
1729;1e-07;4.72565e-05
1730;3e-07;4.72294e-05
1731;3e-07;4.72023e-05
1732;1e-07;4.71751e-05
1733;3e-07;4.7148e-05
1734;2e-07;4.71209e-05
1735;6e-07;4.70941e-05
1736;6e-07;4.70673e-05
1737;2e-07;4.70404e-05
1738;1e-07;4.70133e-05
1739;2e-07;4.69864e-05
1740;2e-07;4.69595e-05
1741;4e-07;4.69328e-05
1742;4e-07;4.69061e-05
1743;1e-07;4.68792e-05
1744;2e-07;4.68525e-05
1745;2e-07;4.68257e-05
1746;1e-07;4.6799e-05
1747;1e-07;4.67722e-05
1748;1e-07;4.67455e-05
1749;3e-07;4.6719e-05
1750;1e-07;4.66923e-05
1751;1e-07;4.66657e-05
1752;2.7e-06;4.66406e-05
1753;3e-07;4.66142e-05
1754;3e-07;4.65878e-05
1755;3e-07;4.65614e-05
1756;4e-07;4.65351e-05
1757;4e-07;4.65089e-05
1758;7e-07;4.64828e-05
1759;2e-07;4.64565e-05
1760;2e-07;4.64302e-05
1761;6e-07;4.64042e-05
1762;6e-07;4.63782e-05
1763;2e-07;4.6352e-05
1764;2e-07;4.63259e-05
1765;2e-07;4.62997e-05
1766;3e-07;4.62737e-05
1767;2e-07;4.62476e-05
1768;2e-07;4.62215e-05
1769;0.0001741;4.62938e-05
1770;6e-07;4.6268e-05
1771;6e-07;4.62422e-05
1772;5e-07;4.62164e-05
1773;2e-07;4.61905e-05
1774;1e-07;4.61645e-05
1775;5.9e-05;4.61717e-05
1776;1.4e-06;4.61465e-05
1777;3.48e-05;4.61401e-05
1778;2e-07;4.61143e-05
1779;2e-07;4.60885e-05
1780;2.38e-05;4.6076e-05
1781;3.48e-05;4.60696e-05
1782;2e-07;4.60439e-05
1783;3e-07;4.60182e-05
1784;4e-07;4.59927e-05
1785;2.33e-05;4.59799e-05
1786;8e-07;4.59546e-05
1787;1.2e-06;4.59296e-05
1788;8e-07;4.59044e-05
1789;8e-07;4.58792e-05
1790;1.1e-06;4.58541e-05
1791;1e-06;4.58291e-05
1792;5e-07;4.58038e-05
1793;0.0021272;4.69646e-05
1794;3e-07;4.69386e-05
1795;6e-07;4.69128e-05
1796;4e-07;4.68869e-05
1797;3e-07;4.6861e-05
1798;4e-07;4.68351e-05
1799;1e-07;4.68092e-05
1800;7.58e-05;4.68253e-05
1801;7e-07;4.67997e-05
1802;8e-07;4.67741e-05
1803;4e-07;4.67484e-05
1804;0.0016049;4.76121e-05
1805;3e-07;4.75859e-05
1806;2e-07;4.75597e-05
1807;0.0006402;4.78877e-05
1808;0.001931;4.89292e-05
1809;6e-07;4.89025e-05
1810;8e-07;4.88759e-05
1811;1.6e-06;4.88498e-05
1812;1.5e-06;4.88237e-05
1813;8e-07;4.87972e-05
1814;1.1e-06;4.87709e-05
1815;1.9e-06;4.87451e-05
1816;1.1e-06;4.87188e-05
1817;3e-07;4.86922e-05
1818;0.0007909;4.91004e-05
1819;4e-07;4.90737e-05
1820;4e-07;4.90469e-05
1821;3e-07;4.90202e-05
1822;0.0010999;4.95969e-05
1823;0.000561;4.98775e-05
1824;1e-07;4.98502e-05
1825;2e-07;4.9823e-05
1826;1e-07;4.97957e-05
1827;1e-07;4.97685e-05
1828;2e-07;4.97414e-05
1829;0.001156;5.03463e-05
1830;0.0011095;5.0925e-05
1831;2e-07;5.08973e-05
1832;3e-07;5.08697e-05
1833;0.0006041;5.11715e-05
1834;1e-07;5.11437e-05
1835;4e-07;5.1116e-05
1836;2e-07;5.10883e-05
1837;1.3e-06;5.10612e-05
1838;7e-07;5.10338e-05
1839;1e-06;5.10066e-05
1840;8e-07;5.09793e-05
1841;1.9e-06;5.09526e-05
1842;1.1e-06;5.09256e-05
1843;7e-07;5.08983e-05
1844;1e-06;5.08713e-05
1845;7e-07;5.08441e-05
1846;9e-07;5.0817e-05
1847;8e-07;5.07899e-05
1848;1.5e-06;5.07633e-05
1849;7e-07;5.07362e-05
1850;4e-07;5.0709e-05
1851;1e-06;5.06821e-05
1852;1.3e-06;5.06555e-05
1853;1.5e-06;5.06289e-05
1854;6e-07;5.06019e-05
1855;2e-07;5.05748e-05
1856;1e-07;5.05476e-05
1857;1e-07;5.05204e-05
1858;3e-07;5.04934e-05
1859;6e-07;5.04665e-05
1860;7e-07;5.04398e-05
1861;1.1e-06;5.04133e-05
1862;1.2e-06;5.03868e-05
1863;7e-07;5.03602e-05
1864;9e-07;5.03336e-05
1865;1e-07;5.03067e-05
1866;1e-07;5.02798e-05
1867;3e-07;5.0253e-05
1868;8e-07;5.02266e-05
1869;2e-07;5.01998e-05
1870;3e-07;5.01731e-05
1871;5e-07;5.01466e-05
1872;2e-07;5.01199e-05
1873;2e-07;5.00932e-05
1874;2e-07;5.00666e-05
1875;2e-07;5.004e-05
1876;2e-07;5.00134e-05
1877;2e-07;4.99869e-05
1878;5e-07;4.99605e-05
1879;2e-07;4.99341e-05
1880;2e-07;4.99076e-05
1881;2e-07;4.98812e-05
1882;1e-07;4.98547e-05
1883;1e-07;4.98283e-05
1884;2e-07;4.9802e-05
1885;5e-07;4.97758e-05
1886;4e-07;4.97496e-05
1887;5e-07;4.97235e-05
1888;3.1e-06;4.96988e-05
1889;1e-06;4.96731e-05
1890;6e-07;4.96471e-05
1891;7e-07;4.96212e-05
1892;4e-07;4.95952e-05
1893;3e-07;4.95691e-05
1894;5e-07;4.95432e-05
1895;4e-07;4.95173e-05
1896;1e-07;4.94912e-05
1897;2e-07;4.94653e-05
1898;2e-07;4.94393e-05
1899;1e-07;4.94133e-05
1900;2e-07;4.93874e-05
1901;1e-07;4.93615e-05
1902;2e-07;4.93356e-05
1903;1e-07;4.93098e-05
1904;2e-07;4.9284e-05
1905;5e-07;4.92584e-05
1906;3e-07;4.92327e-05
1907;2e-07;4.9207e-05
1908;1e-07;4.91812e-05
1909;1e-07;4.91555e-05
1910;1e-07;4.91298e-05
1911;4e-07;4.91043e-05
1912;1.3e-06;4.90793e-05
1913;5e-07;4.90539e-05
1914;1e-06;4.90288e-05
1915;2e-07;4.90033e-05
1916;1e-07;4.89778e-05
1917;1e-07;4.89523e-05
1918;1e-06;4.89273e-05
1919;2e-07;4.89019e-05
1920;2e-07;4.88766e-05
1921;2e-07;4.88512e-05
1922;5.33e-05;4.88535e-05
1923;7e-07;4.88285e-05
1924;3e-07;4.88033e-05
1925;1.1e-06;4.87785e-05
1926;1e-07;4.87532e-05
1927;1e-07;4.8728e-05
1928;5.56e-05;4.87315e-05
1929;5e-07;4.87065e-05
1930;4.87e-05;4.87065e-05
1931;3e-07;4.86815e-05
1932;3e-07;4.86564e-05
1933;5.03e-05;4.86573e-05
1934;3.75e-05;4.86515e-05
1935;7e-07;4.86267e-05
1936;3e-07;4.86018e-05
1937;1e-06;4.85772e-05
1938;3.69e-05;4.85712e-05
1939;4e-07;4.85463e-05
1940;6e-07;4.85216e-05
1941;5e-07;4.84969e-05
1942;2e-07;4.8472e-05
1943;2e-07;4.84471e-05
1944;1e-07;4.84223e-05
1945;2e-07;4.83975e-05
1946;0.0010768;4.8926e-05
1947;3e-07;4.8901e-05
1948;3e-07;4.8876e-05
1949;3e-07;4.88511e-05
1950;2e-07;4.88262e-05
1951;7e-07;4.88015e-05
1952;7e-07;4.87768e-05
1953;0.0001495;4.88284e-05
1954;1.7e-06;4.88043e-05
1955;9e-07;4.87798e-05
1956;1.1e-06;4.87554e-05
1957;0.0013789;4.94351e-05
1958;9e-07;4.94103e-05
1959;7e-07;4.93855e-05
1960;0.0012198;4.99826e-05
1961;0.0006244;5.02755e-05
1962;3e-07;5.02501e-05
1963;4e-07;5.02247e-05
1964;2e-07;5.01992e-05
1965;8e-07;5.0174e-05
1966;5e-07;5.01488e-05
1967;1e-07;5.01233e-05
1968;1e-07;5.00979e-05
1969;4e-07;5.00727e-05
1970;5e-07;5.00475e-05
1971;4e-07;5.00223e-05
1972;8e-07;4.99974e-05
1973;5e-07;4.99723e-05
1974;2e-07;4.99471e-05
1975;0.0007986;5.03261e-05
1976;0.0009975;5.08055e-05
1977;1e-07;5.07798e-05
1978;3e-07;5.07543e-05
1979;2e-07;5.07288e-05
1980;1e-07;5.07032e-05
1981;1e-07;5.06776e-05
1982;0.0006244;5.09671e-05
1983;0.0009145;5.14026e-05
1984;1e-06;5.13772e-05
1985;9e-07;5.13517e-05
1986;5e-07;5.13261e-05
1987;8e-07;5.13007e-05
1988;5e-07;5.12752e-05
1989;1.6e-06;5.12502e-05
1990;6e-07;5.12247e-05
1991;3e-07;5.11991e-05
1992;1e-07;5.11735e-05
1993;2e-07;5.11479e-05
1994;1e-07;5.11223e-05
1995;0;5.10967e-05
1996;2e-07;5.10712e-05
1997;0;5.10456e-05
1998;1e-07;5.10201e-05
1999;4e-07;5.09948e-05
2000;1e-07;5.09693e-05
